id|created_at|updated_at|receipt_number|status|delivery_method|country_code|address|postal_code|pickup_date|pickup_from_time|pickup_to_time|payment_method|payment_id|payment_expire_at|subtotal|delivery_fee|payment_fee|total_amount|user_id|delivered_at|country_name|mpgs_receipt_number|form_key|type|payments|location_id|deleted_at|currency|city|rate_id|sold_currency|taxes|exec_id|sale_type
1714|2026-01-30 06:16:38.993|2026-01-30 06:27:41.413|FLA260301700|canceled|pickup|SG|||2026-01-31|11:00|13:00|mpgs|19200ac4-f222-4d5e-8475-bdcf66593be5|2026-01-30 06:26:38.980|130.00|0.00|4.55|134.55|668|NULL|Singapore|||NORMAL|null|1|NULL|SGD|NULL|52|MYR|null|0|
1713|2026-01-09 07:17:46.222|2026-01-09 07:17:51.362|SG/0126/88000001|shipped|Pickup|SG|31321||2026-01-09|11:00|13:00|||NULL|7800.00|0.00|0.00|7800.00|1872|2026-01-09 07:17:46.128|Singapore||uploads/6/01KEGSWSG8G6AVHXQ6MDD5TB6J.pdf|E-INVOICE|"[{""fee"": 0, ""desc"": """", ""amount"": 12600, ""method"": ""cash""}]"|9|NULL|SGD|NULL|NULL||null|1|e-consignment
1701|2025-12-19 06:16:50.167|2025-12-19 06:17:00.444|SG/1225/88000018|shipped|Pickup|SG|Sai Gon||2025-12-19|11:00|13:00|||NULL|7800.00|0.00|0.00|7800.00|1262|2025-12-19 06:16:50.038|Singapore||uploads/6/01KCTM293MEJ3S3J4K5ZFJPC75.pdf|E-INVOICE|"[{""fee"": 0, ""desc"": """", ""amount"": 8000, ""method"": ""transfer""}]"|9|NULL|SGD|NULL|NULL||null|1|e-consignment
1699|2025-12-17 13:38:46.898|2025-12-17 13:38:46.898|FLA253511699|pending|pickup|SG|||2025-12-20|11:00|13:00|transfer||2025-12-17 14:08:46.891|1200.00|0.00|0.00|1200.00|668|NULL|Singapore|||NORMAL|null|6|NULL|USD|NULL|51|SGD|null|0|
1698|2025-12-17 13:38:05.765|2025-12-17 13:38:05.765|FLA253511698|pending|pickup|SG|||2025-12-18|11:00|13:00|transfer||2025-12-17 14:08:05.744|4000.00|0.00|0.00|4000.00|668|NULL|Singapore|||NORMAL|null|1|NULL|SGD|NULL|NULL|SGD|null|0|
1697|2025-12-17 13:14:30.878|2025-12-17 13:14:30.878|FLA253511697|pending|pickup|SG|||2025-12-18|11:00|13:00|transfer||2025-12-17 13:44:30.866|85000000.00|0.00|0.00|85000000.00|668|NULL|Singapore|||NORMAL|null|10|NULL|IDR|NULL|NULL|IDR|null|0|
1696|2025-12-16 09:59:49.202|2025-12-16 10:10:51.563|FLA253501696|canceled|pickup|SG|||2025-12-17|11:00|13:00|mpgs|a1f8a0db-484f-46b3-acdb-b88f96ad9453|2025-12-16 10:09:49.185|3500.00|0.00|122.50|3622.50|668|NULL|Singapore|||NORMAL|null|1|NULL|SGD|NULL|52|MYR|null|0|
1695|2025-12-16 03:07:29.805|2025-12-16 03:18:32.195|FLA253501655|canceled|doorstep|ID|123 ly chinh thang|9000|2025-11-30|17:00|19:00|mpgs|32bbc4d0-00a1-429b-a8bd-87a70b865968|2025-12-16 03:17:29.794|7800.00|179.00|279.26|8258.26|668|NULL|Indonesia|||NORMAL|null|1|NULL|SGD|NULL|52|MYR|null|0|
1694|2025-12-15 07:58:45.638|2025-12-15 07:58:58.691|SG/1225/88000017|shipped|Pickup|SG|214242||2025-12-15|11:00|13:00|||NULL|16500.00|0.00|0.00|16500.00|1869|2025-12-15 07:58:45.569|Singapore||uploads/6/01KCGGA3XXVRSEGY2DPPNDSM6A.pdf|E-INVOICE|"[{""fee"": 0, ""desc"": """", ""amount"": 16500, ""method"": ""cash""}]"|9|NULL|SGD|NULL|NULL||null|1|e-consignment
1692|2025-12-12 08:23:16.833|2025-12-12 08:23:27.538|SG/1225/88000016|shipped|Pickup|SG|333||2025-12-12|11:00|13:00|||NULL|8800.00|0.00|0.00|8800.00|1871|2025-12-12 08:23:16.795|Singapore||uploads/6/01KC8TGSE9C4NQJWFYF036DRVM.pdf|E-INVOICE|"[{""fee"": 0, ""desc"": """", ""amount"": 8800, ""method"": ""cash""}]"|9|NULL|SGD|NULL|NULL||null|1|e-consignment
1690|2025-12-12 06:57:16.130|2025-12-12 06:57:25.880|SG/1225/88000015|shipped|Pickup|SG|31321||2025-12-12|11:00|13:00|||NULL|11600.00|0.00|0.00|11600.00|1872|2025-12-12 06:57:16.034|Singapore||uploads/6/01KC8NK8RE13CPMKMMCD9P2Q8Z.pdf|E-INVOICE|"[{""fee"": 0, ""desc"": """", ""amount"": 11600, ""method"": ""cash""}]"|9|NULL|SGD|NULL|NULL||null|1|e-consignment
1688|2025-12-10 17:14:55.763|2025-12-10 17:15:04.402|SG/1225/88000014|shipped|Pickup|SG|31321||2025-12-10|11:00|13:00|||NULL|5800.00|0.00|0.00|5800.00|1872|2025-12-10 17:14:55.706|Singapore||uploads/6/01KC4M4RPV445YBJKW26D2Z99K.pdf|E-INVOICE|"[{""fee"": 0, ""desc"": """", ""amount"": 5800, ""method"": ""cash""}]"|9|NULL|SGD|NULL|NULL||null|1|e-consignment
1686|2025-12-10 16:54:16.514|2025-12-10 16:54:25.977|SG/1225/88000013|shipped|Pickup|SG|31321||2025-12-10|11:00|13:00|||NULL|1000.00|0.00|0.00|1000.00|1872|2025-12-10 16:54:16.447|Singapore||uploads/6/01KC4JYZAHZ1VY10B37RW40J15.pdf|E-INVOICE|"[{""fee"": 0, ""desc"": """", ""amount"": 1000, ""method"": ""cash""}]"|9|NULL|SGD|NULL|NULL||null|1|e-consignment
1684|2025-12-10 16:40:34.758|2025-12-10 16:40:43.975|SG/1225/88000012|shipped|Pickup|SG|31321||2025-12-10|11:00|13:00|||NULL|1000.00|0.00|0.00|1000.00|1872|2025-12-10 16:40:34.729|Singapore||uploads/6/01KC4J5WHN5GYKWT67RHR762KH.pdf|E-INVOICE|"[{""fee"": 0, ""desc"": """", ""amount"": 1000, ""method"": ""cash""}]"|9|NULL|SGD|NULL|NULL||null|1|e-consignment
1682|2025-12-10 16:33:29.854|2025-12-10 16:33:39.986|SG/1225/88000011|shipped|Pickup|SG|31321||2025-12-10|11:00|13:00|||NULL|1000.00|0.00|0.00|1000.00|1872|2025-12-10 16:33:29.779|Singapore||uploads/6/01KC4HRYHEKD9XMSDEC68TSBSD.pdf|E-INVOICE|"[{""fee"": 0, ""desc"": """", ""amount"": 1000, ""method"": ""cash""}]"|9|NULL|SGD|NULL|NULL||null|1|e-consignment
1680|2025-12-10 16:28:58.542|2025-12-10 16:29:09.587|SG/1225/88000010|shipped|Pickup|SG|31321||2025-12-10|11:00|13:00|||NULL|1000.00|0.00|0.00|1000.00|1872|2025-12-10 16:28:58.478|Singapore||uploads/6/01KC4HGPFXHYK6K4H87GQBR9Z9.pdf|E-INVOICE|"[{""fee"": 0, ""desc"": """", ""amount"": 1000, ""method"": ""cash""}]"|9|NULL|SGD|NULL|NULL||null|1|e-consignment
1678|2025-12-10 11:31:07.968|2025-12-10 11:31:16.858|SG/1225/88000009|shipped|Pickup|SG|333||2025-12-10|11:00|13:00|||NULL|1000.00|0.00|0.00|1000.00|1871|2025-12-10 11:31:07.928|Singapore||uploads/6/01KC40F8MSR5C76A65TAKGE566.pdf|E-INVOICE|"[{""fee"": 0, ""desc"": """", ""amount"": 1000, ""method"": ""cash""}]"|9|NULL|SGD|NULL|NULL||null|1|e-consignment
1676|2025-12-10 10:54:26.341|2025-12-10 10:54:35.532|SG/1225/88000008|shipped|Pickup|SG|31321||2025-12-10|11:00|13:00|||NULL|3500.00|0.00|0.00|3500.00|1872|2025-12-10 10:54:26.242|Singapore||uploads/6/01KC3YC2V74FAPX6ZYN03S010B.pdf|E-INVOICE|"[{""fee"": 0, ""desc"": """", ""amount"": 3500, ""method"": ""cash""}]"|9|NULL|SGD|NULL|NULL||null|1|e-consignment
1669|2025-12-10 09:45:34.190|2025-12-10 09:45:41.303|SG/1225/88000007|shipped|Pickup|SG|Sai Gon||2025-12-10|11:00|13:00|||NULL|3500.00|0.00|0.00|3500.00|1262|2025-12-10 09:45:34.150|Singapore||uploads/6/01KC3TDXJDP48SYH303HTW55BM.pdf|E-INVOICE|"[{""fee"": 0, ""desc"": """", ""amount"": 3500, ""method"": ""cash""}]"|9|NULL|SGD|NULL|NULL||null|1|e-consignment
1667|2025-12-08 09:13:07.112|2025-12-08 09:13:16.028|SG/1225/88000006|shipped|Pickup|SG|333||2025-12-08|11:00|13:00|||NULL|1000.00|0.00|0.00|1000.00|1871|2025-12-08 09:13:07.052|Singapore||uploads/6/01KBYKS3TY09A2HSXWVC4J3597.pdf|E-INVOICE|"[{""fee"": 0, ""desc"": """", ""amount"": 1000, ""method"": ""cash""}]"|9|NULL|SGD|NULL|NULL||null|1|e-consignment
1665|2025-12-08 08:51:10.478|2025-12-08 08:51:18.693|SG/1225/88000005|shipped|Pickup|SG|333||2025-12-08|11:00|13:00|||NULL|1200.00|0.00|0.00|1200.00|1871|2025-12-08 08:51:10.418|Singapore||uploads/6/01KBYJGXCC7JNT1PFY5ZRYMQ5Z.pdf|E-INVOICE|"[{""fee"": 0, ""desc"": """", ""amount"": 1200, ""method"": ""cash""}]"|9|NULL|SGD|NULL|NULL||null|1|e-consignment
1663|2025-12-08 08:34:52.402|2025-12-08 08:35:00.448|SG/1225/88000004|shipped|Pickup|SG|31321||2025-12-08|11:00|13:00|||NULL|1000.00|0.00|0.00|1000.00|1872|2025-12-08 08:34:52.373|Singapore||uploads/6/01KBYHK239BATZRKMGPY22VWP3.pdf|E-INVOICE|"[{""fee"": 0, ""desc"": """", ""amount"": 1000, ""method"": ""cash""}]"|9|NULL|SGD|NULL|NULL||null|1|e-consignment
1661|2025-12-08 04:32:42.650|2025-12-08 04:32:55.244|SG/1225/88000003|shipped|Pickup|SG|333||2025-12-08|11:00|13:00|||NULL|700.00|0.00|0.00|700.00|1871|2025-12-08 04:32:42.598|Singapore||uploads/6/01KBY3QSA8A9R3B8B51ZX7MVZ7.pdf|E-INVOICE|"[{""fee"": 0, ""desc"": """", ""amount"": 700, ""method"": ""cash""}]"|9|NULL|SGD|NULL|NULL||null|1|e-consignment
1659|2025-12-08 04:06:38.551|2025-12-08 04:06:49.790|SG/1225/88000002|shipped|Pickup|SG|333||2025-12-08|11:00|13:00|||NULL|1000.00|0.00|0.00|1000.00|1871|2025-12-08 04:06:38.513|Singapore||uploads/6/01KBY280GH1RN0EX4ZEXYMYGC3.pdf|E-INVOICE|"[{""fee"": 0, ""desc"": """", ""amount"": 1000, ""method"": ""cash""}]"|9|NULL|SGD|NULL|NULL||null|1|e-consignment
1657|2025-12-08 03:35:28.331|2025-12-08 03:35:40.390|SG/1225/88000001|shipped|Pickup|SG|31321||2025-12-08|11:00|13:00|||NULL|1000.00|0.00|0.00|1000.00|1872|2025-12-08 03:35:28.167|Singapore||uploads/6/01KBY0EYX66GGN894PV44EN75R.pdf|E-INVOICE|"[{""fee"": 0, ""desc"": """", ""amount"": 1000, ""method"": ""cash""}]"|9|NULL|SGD|NULL|NULL||null|1|e-consignment
1654|2025-12-08 02:54:20.083|2025-12-08 03:00:23.415|FLA253421652|shipped|pickup|SG|||2025-12-08|15:00|17:00|transfer||NULL|123.00|0.00|0.00|123.00|1926|NULL|Singapore||uploads/6/01KBXY3RXKSSEF1BFKG00JAPFN.pdf|NORMAL|null|1|NULL|SGD|NULL|NULL|SGD|null|0|app
1651|2025-10-09 01:53:44.885|2025-10-09 01:53:44.885|FLA252821651|pending|doorstep|ID|123 ly chinh thang|9000||||transfer||2025-10-09 02:23:44.872|5001.00|150.00|0.00|5151.00|668|NULL|Indonesia|||NORMAL|null|6|NULL|USD|NULL|51|SGD|null|0|
1650|2025-10-09 01:46:20.285|2025-10-09 01:46:20.285|FLA252821650|pending|doorstep|ID|123 ly chinh thang|9000||||transfer||2025-10-09 02:16:20.270|3600.00|150.00|0.00|3750.00|668|NULL|Indonesia|||NORMAL|null|11|NULL|USD|NULL|51|SGD|null|0|
1649|2025-10-09 00:55:31.444|2025-10-09 00:55:31.444|FLA252821649|pending|doorstep|ID|123 ly chinh thang|9000||||transfer||2025-10-09 01:25:31.430|6780.00|150.00|0.00|6930.00|668|NULL|Indonesia|||NORMAL|null|11|NULL|USD|NULL|51|SGD|null|0|
1648|2025-10-08 14:14:33.284|2025-10-08 14:14:33.284|FLA252811646|pending|doorstep|ID|123 ly chinh thang|9000||||transfer||2025-10-08 14:44:33.259|100.00|350.00|0.00|450.00|668|NULL|Indonesia|||NORMAL|null|11|NULL|USD|NULL|51|SGD|null|0|
1647|2025-10-08 04:48:48.704|2025-10-08 04:49:01.884|SG/1025/88000002|shipped|Doorstep|SG|123 ly chinh thang||2025-10-08|11:00|13:00|||NULL|500.00|30.00|0.00|550.00|1750|2025-10-08 04:48:48.653|Singapore||uploads/6/01K712DE6WZKW6SVMD1D2PRS5Q.pdf|E-INVOICE|"[{""fee"": 0, ""desc"": """", ""amount"": 100, ""method"": ""transfer""}, {""fee"": 0, ""desc"": """", ""amount"": 100, ""method"": ""paynow""}, {""fee"": 20, ""desc"": """", ""amount"": 150, ""method"": ""mpgs""}, {""fee"": 0, ""desc"": """", ""amount"": 100, ""method"": ""cash""}, {""fee"": 0, ""desc"": """", ""amount"": 100, ""method"": ""bitcoin""}]"|1|NULL|SGD|NULL|NULL||null|39|e-consignment
1645|2025-10-06 12:57:56.132|2025-10-06 12:57:56.132|FLA252791645|pending|doorstep|BH|HCM|70000||13:00|15:00|transfer||2025-10-06 13:27:56.118|12001.00|150.00|0.00|12151.00|630|NULL|Bahrain|||NORMAL|null|11|NULL|USD|NULL|NULL|USD|null|0|
1644|2025-10-06 10:23:28.627|2025-10-06 10:25:59.571|FLA252791644|canceled|doorstep|US|123 ly chinh thang|9000|2025-10-08|17:00|19:00|transfer||NULL|6780.00|50.00|0.00|6830.00|668|NULL|USA|||NORMAL|null|11|NULL|USD|NULL|NULL|USD|null|0|
1643|2025-10-06 10:02:11.094|2025-10-06 10:03:59.442|FLA252791643|paid|doorstep|US|123 ly chinh thang|9000|2025-10-07|17:00|19:00|transfer||NULL|2400.00|50.00|0.00|2450.00|668|NULL|USA||uploads/6/01K6WFMPXBR84VP16FRXKPNE3F.pdf|NORMAL|null|11|NULL|USD|NULL|NULL|USD|null|0|app
1642|2025-10-03 10:42:48.630|2025-10-03 10:43:08.632|FLA252761642|canceled|doorstep|KH|123 ly chinh thang|9000|2025-10-06|17:00|19:00|transfer||NULL|2000.00|350.00|0.00|2350.00|668|NULL|Cambodia|||NORMAL|null|11|NULL|USD|NULL|NULL|USD|null|0|
1641|2025-10-03 10:22:49.887|2025-10-03 10:26:16.516|FLA252761641|paid|doorstep|US|123 ly chinh thang|9000|2025-10-06|17:00|19:00|transfer||NULL|1000.00|50.00|0.00|1050.00|668|NULL|USA||uploads/6/01K6MSQBPR0CZ57QY17JZGDEFQ.pdf|NORMAL|null|11|NULL|USD|NULL|NULL|USD|null|0|app
1640|2025-10-03 03:24:23.726|2025-10-03 03:24:23.726|FLA252761640|pending|pickup|US|||2025-10-04|13:00|15:00|transfer||2025-10-03 03:54:23.690|1000.00|0.00|0.00|1000.00|630|NULL|USA|||NORMAL|null|11|NULL|USD|NULL|NULL|USD|null|0|
1639|2025-10-02 04:56:12.889|2025-10-02 04:56:33.592|FLA252751637|paid|pickup|SG|||2025-10-02|17:00|19:00|transfer||NULL|1700.00|0.00|0.00|1700.00|668|NULL|Singapore||uploads/6/01K6HMEXCYFZSYCNHR0V10ARSM.pdf|NORMAL|null|1|NULL|SGD|NULL|NULL|SGD|null|0|app
1638|2025-10-02 04:37:33.819|2025-10-02 04:37:46.285|SG/1025/88000001|shipped|Doorstep|SG|123 ly chinh thang||2025-10-02|11:00|13:00|||NULL|5490.00|25.00|0.00|5530.00|776|2025-10-02 04:37:33.723|Singapore||uploads/6/01K6HKCGGM1SGF505Z7HR79P9C.pdf|E-INVOICE|"[{""fee"": 0, ""desc"": """", ""amount"": 1000, ""method"": ""transfer""}, {""fee"": 0, ""desc"": """", ""amount"": 1000, ""method"": ""paynow""}, {""fee"": 15, ""desc"": """", ""amount"": 1000, ""method"": ""mpgs""}, {""fee"": 0, ""desc"": """", ""amount"": 1000, ""method"": ""cash""}, {""fee"": 0, ""desc"": """", ""amount"": 1000, ""method"": ""bitcoin""}, {""fee"": 0, ""desc"": """", ""amount"": 600, ""method"": ""gold""}]"|1|NULL|SGD|NULL|NULL||null|1|e-consignment
1636|2025-10-01 10:28:45.077|2025-10-01 10:33:20.037|FLA252741636|shipped|doorstep|DK||||||transfer||NULL|1000.00|200.00|0.00|1200.00|668|2025-10-01 10:33:20.036|Denmark||uploads/6/01K6FN32JWY5NV0PK4Q55YHGED.pdf|NORMAL|null|11|NULL|USD|NULL|NULL|USD|null|0|app
1635|2025-09-30 06:49:47.888|2025-09-30 06:49:47.888|FLA252731635|pending|doorstep|US|test|123|2025-10-02|15:00|17:00|transfer||2025-09-30 07:19:47.882|2400.00|100.00|0.00|2500.00|630|NULL|USA|||NORMAL|null|11|NULL|USD|NULL|NULL|USD|null|0|
1634|2025-09-30 06:24:46.200|2025-09-30 06:37:10.089|FLA252731634|canceled|doorstep|US|abc|123|2025-10-07|13:00|15:00|mpgs|28cd6578-b361-4048-b9ad-4486b7f89219|2025-09-30 06:34:46.185|100.00|50.00|5.25|155.25|1123|NULL|USA|||NORMAL|null|11|NULL|USD|NULL|NULL|USD|null|0|
1633|2025-09-30 06:24:12.698|2025-09-30 06:24:12.698|FLA252731633|pending|doorstep|US|abc|123|2025-10-07|13:00|15:00|transfer||2025-09-30 06:54:12.687|12001.00|50.00|0.00|12051.00|1123|NULL|USA|||NORMAL|null|11|NULL|USD|NULL|NULL|USD|null|0|
1632|2025-09-30 06:21:33.090|2025-09-30 06:21:33.090|FLA252731632|pending|pickup|US|||2025-10-17|11:00|13:00|transfer||2025-09-30 06:51:33.079|1200.00|0.00|0.00|1200.00|1924|NULL|USA|||NORMAL|null|11|NULL|USD|NULL|NULL|USD|null|0|
1631|2025-09-30 03:37:08.527|2025-09-30 03:37:08.527|FLA252731631|pending|doorstep|ID|o|9|2025-10-17|11:00|13:00|transfer||2025-09-30 04:07:08.514|1000.00|150.00|0.00|1150.00|1924|NULL|Indonesia|||NORMAL|null|11|NULL|USD|NULL|NULL|USD|null|0|
1630|2025-09-30 03:37:07.418|2025-09-30 03:37:07.418|FLA252731630|pending|doorstep|SG|123|123||||transfer||2025-09-30 04:07:07.404|7910.00|0.00|0.00|7910.00|630|NULL|Singapore|||NORMAL|null|11|NULL|USD|NULL|NULL|USD|null|0|
1629|2025-09-28 08:53:13.049|2025-09-28 08:53:13.049|FLA252711629|pending|doorstep|ID|o|9|2025-10-17|11:00|13:00|transfer||2025-09-28 09:23:13.038|6780.00|150.00|0.00|6930.00|1924|NULL|Indonesia|||NORMAL|null|11|NULL|USD|NULL|NULL|USD|null|0|
1628|2025-09-28 05:01:40.553|2025-09-28 05:01:40.553|FLA252711628|pending|doorstep|ID|o|9|2025-10-17|11:00|13:00|transfer||2025-09-28 05:31:40.538|100.00|300.00|0.00|400.00|1924|NULL|Indonesia|||NORMAL|null|11|NULL|USD|NULL|NULL|USD|null|0|
1627|2025-09-28 01:33:16.338|2025-09-28 01:33:16.338|FLA252711627|pending|doorstep|ID|o|9|2025-10-17|11:00|13:00|transfer||2025-09-28 02:03:16.319|100.00|0.00|0.00|100.00|1924|NULL|Indonesia|||NORMAL|null|11|NULL|USD|NULL|51|SGD|null|0|
1626|2025-09-26 02:52:52.016|2025-09-26 02:52:52.016|FLA252691626|pending|pickup|US|||2025-09-28|15:00|17:00|transfer||2025-09-26 03:22:51.989|1200.00|0.00|0.00|1200.00|1772|NULL|USA|||NORMAL|null|11|NULL|USD|NULL|NULL|USD|null|0|
1625|2025-09-24 12:26:20.069|2025-09-24 12:26:20.069|FLA252671625|pending|doorstep|US|123 Ly Chinh Thang|50000|2025-09-26|15:00|17:00|transfer||2025-09-24 12:56:20.052|100.00|50.00|0.00|150.00|1772|NULL|USA|||NORMAL|null|11|NULL|USD|NULL|NULL|USD|null|0|
1624|2025-09-24 11:12:12.445|2025-09-24 11:12:12.445|FLA252671624|pending|doorstep|US|123 Ly Chinh Thang|50000|2025-09-26|15:00|17:00|transfer||2025-09-24 11:42:12.428|100.00|50.00|0.00|150.00|1772|NULL|USA|||NORMAL|null|11|NULL|USD|NULL|NULL|USD|null|0|
1623|2025-09-24 10:40:57.659|2025-09-24 10:40:57.659|FLA252671623|pending|doorstep|US|123 Ly Chinh Thang|50000|2025-09-26|15:00|17:00|transfer||2025-09-24 11:10:57.620|12001.00|50.00|0.00|12051.00|1772|NULL|USA|||NORMAL|null|11|NULL|USD|NULL|NULL|USD|null|0|
1622|2025-09-18 09:36:24.238|2025-09-18 10:05:55.309|FLA252611615|paid|doorstep|US|12828|10000|2025-09-20|11:00|13:00|transfer||NULL|1000.00|50.00|0.00|1050.00|1923|NULL|USA||uploads/6/01K5E4KA3FNP4JA2E3PP500J1M.pdf|NORMAL|null|11|NULL|USD|NULL|NULL|USD|null|0|app
1621|2025-09-17 08:49:01.509|2025-09-17 08:49:16.634|SG/0925/88000001|shipped|Doorstep|SG|123 ly chinh thang||2025-09-17|11:00|13:00|||NULL|595.00|20.00|0.00|625.00|668|2025-09-17 08:49:01.452|Singapore||uploads/6/01K5BDT85HAT11T84E6VW140JN.pdf|E-INVOICE|"[{""fee"": 0, ""desc"": """", ""amount"": 320, ""method"": ""paynow""}, {""fee"": 10, ""desc"": """", ""amount"": 305, ""method"": ""mpgs""}]"|1|NULL|SGD|NULL|NULL||null|4|e-consignment
1619|2025-08-29 09:17:12.134|2025-08-29 09:17:19.084|SG/0825/88000002|shipped|Pickup|SG|Sai Gon||2025-08-29|11:00|13:00|||NULL|2300.00|0.00|0.00|2300.00|1262|2025-08-29 09:17:12.088|Singapore||uploads/6/01K3THVY5G47GE473X2YG7AEM1.pdf|E-INVOICE|"[{""fee"": 0, ""desc"": """", ""amount"": 2300, ""method"": ""transfer""}]"|1|NULL|SGD|NULL|NULL||null|1|e-consignment
1616|2025-08-29 04:12:06.784|2025-08-29 04:12:15.575|SG/0825/88000001|shipped|Pickup|SG|232111||2025-08-29|11:00|13:00|||NULL|1000.00|0.00|0.00|1000.00|1874|2025-08-29 04:12:06.723|Singapore||uploads/6/01K3T0DBP11ZT6CC7TP2DYT9KV.pdf|E-INVOICE|"[{""fee"": 0, ""desc"": """", ""amount"": 1000, ""method"": ""cash""}]"|1|NULL|SGD|NULL|NULL||null|136|e-consignment
1614|2025-08-28 07:43:18.999|2025-09-11 07:17:29.723|FLA252401614|paid|doorstep|SG|some address|6181|2025-08-30|15:00|17:00|transfer||NULL|200.00|25.00|0.00|225.00|1912|NULL|Singapore||uploads/6/01K4VT5WB2HXHJHEPNKHW2RWER.pdf|NORMAL|null|1|NULL|SGD|NULL|NULL|SGD|null|0|app
1613|2025-08-28 07:38:54.768|2025-08-28 07:43:04.591|FLA252401613|canceled|doorstep|SG|some address|6181|2025-08-30|15:00|17:00|mpgs|64a31fd5-2a6f-4e83-8aba-00d3abacebc3|2025-08-28 07:48:54.765|200.00|25.00|7.88|232.88|1912|NULL|Singapore|||NORMAL|null|1|NULL|SGD|NULL|NULL|SGD|null|0|
1612|2025-08-28 07:33:11.753|2025-08-28 07:44:13.911|FLA252401612|canceled|doorstep|SG|halo 123|16181|2025-08-30|13:00|15:00|mpgs|e9f911c6-b3bf-40da-bcc6-806504bae7f5|2025-08-28 07:43:11.738|1950.00|25.00|69.12|2044.12|1292|NULL|Singapore|||NORMAL|null|1|NULL|SGD|NULL|51|USD|null|0|
1611|2025-08-28 07:26:21.082|2025-08-28 07:31:36.911|FLA252401611|canceled|doorstep|SG|halo 123|16181|2025-08-30|13:00|15:00|mpgs|51301ab5-ce1e-4f16-85ea-3ffb3d049325|2025-08-28 07:36:21.075|1950.00|25.00|69.12|2044.12|1292|NULL|Singapore|||NORMAL|null|1|NULL|SGD|NULL|51|USD|null|0|
1610|2025-08-28 07:15:31.721|2025-08-28 07:26:34.130|FLA252401608|canceled|pickup|SG|||2025-08-31|13:00|15:00|mpgs|dc9bdf09-086d-4757-abe8-6e8c3675976a|2025-08-28 07:25:31.716|2300.00|0.00|80.50|2380.50|1874|NULL|Singapore|||NORMAL|null|1|NULL|SGD|NULL|NULL|SGD|null|0|
1609|2025-08-27 08:58:20.981|2025-08-27 08:58:28.779|US/0825/88000001|shipped|Pickup|US|31321||2025-08-27|11:00|13:00|||NULL|1000.00|0.00|0.00|1000.00|1872|2025-08-27 08:58:20.952|USA||uploads/6/01K3NC00A8KPTVJ0XB4V4FY5A6.pdf|E-INVOICE|"[{""fee"": 0, ""desc"": """", ""amount"": 1000, ""method"": ""cash""}]"|6|NULL|USD|NULL|NULL||null|1|e-Consignment
1607|2025-08-08 05:05:36.132|2025-08-08 05:05:36.132|FLA252201604|pending|doorstep|ID|abc|123||||transfer||2025-08-08 05:35:36.120|1000.00|150.00|0.00|1150.00|1123|NULL|Indonesia|||NORMAL|null|9|NULL|SGD|NULL|NULL|SGD|null|NULL|NULL
1605|2025-07-23 08:42:52.252|2025-07-23 08:43:02.875|US/0725/88000007|shipped|Pickup|US|Sai Gon||2025-07-23|11:00|13:00|||NULL|65.00|0.00|0.00|217.00|1262|2025-07-23 08:42:52.209|USA||uploads/6/01K0V76K4C1XAH8ZAAX0A25A87.pdf|E-INVOICE|"[{""fee"": 0, ""desc"": """", ""amount"": 10, ""method"": ""transfer""}, {""fee"": 2, ""desc"": """", ""amount"": 20, ""method"": ""mpgs""}, {""fee"": 0, ""desc"": """", ""amount"": 30, ""method"": ""cash""}, {""fee"": 0, ""desc"": """", ""amount"": 40, ""method"": ""Other payment method""}, {""fee"": 0, ""desc"": """", ""amount"": 50, ""method"": ""Other payment method 1""}, {""fee"": 0, ""desc"": """", ""amount"": 70, ""method"": ""Other payment method 2""}]"|6|NULL|USD|NULL|NULL||"[{""fee"": 0, ""desc"": """", ""amount"": 10, ""method"": ""sale_tax""}, {""fee"": 0, ""desc"": """", ""amount"": 20, ""method"": ""state_tax""}, {""fee"": 0, ""desc"": ""desc for misc fee"", ""amount"": 30, ""method"": ""misc_fee""}, {""fee"": 0, ""desc"": ""desc for other fee"", ""amount"": 40, ""method"": ""other""}, {""fee"": 0, ""desc"": ""desc for other fee 1"", ""amount"": 50, ""method"": ""other""}]"|NULL|NULL
1603|2025-07-23 08:37:01.541|2025-07-23 08:37:12.972|FLA252041601|canceled|pickup|ID|||2025-07-26|17:00|19:00|transfer||NULL|6000000.00|0.00|0.00|6000000.00|668|NULL|Indonesia|||NORMAL|null|2|NULL|IDR|NULL|NULL|IDR|null|NULL|NULL
1600|2025-07-22 11:48:18.093|2025-07-22 11:48:18.093|FLA252031546|pending|doorstep|KH|abc|123||||transfer||2025-07-22 12:18:18.083|2300.00|150.00|0.00|2450.00|1123|NULL|Cambodia|||NORMAL|null|1|NULL|SGD|NULL|NULL|SGD|null|NULL|NULL
1599|2025-07-22 04:08:12.492|2025-07-22 04:08:27.077|US/0725/88000006|shipped|Doorstep|US|123 ly chinh thang||2025-07-22|11:00|13:00|||NULL|1200.00|37.00|0.00|1315.00|1125|2025-07-22 04:08:12.469|USA||uploads/6/01K0R532G6XNG031TNJBFZENCB.pdf|E-INVOICE|"[{""fee"": 0, ""desc"": """", ""amount"": 50, ""method"": ""transfer""}, {""fee"": 3, ""desc"": """", ""amount"": 50, ""method"": ""mpgs""}, {""fee"": 0, ""desc"": """", ""amount"": 50, ""method"": ""cash""}, {""fee"": 0, ""desc"": """", ""amount"": 60, ""method"": ""trade iphone""}]"|6|NULL|USD|NULL|NULL||"[{""fee"": 0, ""desc"": """", ""amount"": 5, ""method"": ""sale_tax""}, {""fee"": 0, ""desc"": """", ""amount"": 10, ""method"": ""state_tax""}, {""fee"": 0, ""desc"": ""some of the mics fee"", ""amount"": 15, ""method"": ""misc_fee""}, {""fee"": 0, ""desc"": ""second hand item tax"", ""amount"": 20, ""method"": ""other""}, {""fee"": 0, ""desc"": ""rich people tax"", ""amount"": 25, ""method"": ""other""}]"|NULL|NULL
1597|2025-07-22 03:56:18.894|2025-07-22 03:56:31.813|SG/0725/88000001|shipped|Doorstep|SG|123 ly chinh thang||2025-07-22|11:00|13:00|||NULL|2100.00|23.00|0.00|2128.00|1125|2025-07-22 03:56:18.870|Singapore||uploads/6/01K0R4D808TWCP28W9JAVB3TSP.pdf|E-INVOICE|"[{""fee"": 0, ""desc"": """", ""amount"": 100, ""method"": ""transfer""}, {""fee"": 0, ""desc"": """", ""amount"": 100, ""method"": ""paynow""}, {""fee"": 5, ""desc"": """", ""amount"": 100, ""method"": ""mpgs""}, {""fee"": 0, ""desc"": """", ""amount"": 100, ""method"": ""cash""}, {""fee"": 0, ""desc"": """", ""amount"": 100, ""method"": ""bitcoin""}]"|1|NULL|SGD|NULL|NULL||null|NULL|NULL
1594|2025-07-21 13:24:22.342|2025-07-21 13:24:35.594|US/0725/88000005|shipped|Pickup|US|Sai Gon||2025-07-21|11:00|13:00|||NULL|80.00|0.00|0.00|101.00|1262|2025-07-21 13:24:22.318|USA||uploads/6/01K0PJGP0K6KSA1VQP1A1T1X3C.pdf|E-INVOICE|"[{""fee"": 0, ""desc"": """", ""amount"": 1000, ""method"": ""transfer""}]"|6|NULL|USD|NULL|NULL||"[{""fee"": 0, ""desc"": """", ""amount"": 1, ""method"": ""sale_tax""}, {""fee"": 0, ""desc"": """", ""amount"": 2, ""method"": ""state_tax""}, {""fee"": 0, ""desc"": ""desc for misc fee"", ""amount"": 3, ""method"": ""misc_fee""}, {""fee"": 0, ""desc"": ""desc for other fees"", ""amount"": 4, ""method"": ""other""}, {""fee"": 0, ""desc"": ""desc for other fees 1"", ""amount"": 5, ""method"": ""other""}, {""fee"": 0, ""desc"": ""desc for other fees 2"", ""amount"": 6, ""method"": ""other""}]"|NULL|NULL
1584|2025-07-21 04:16:47.330|2025-07-21 04:16:56.410|US/0725/88000004|shipped|Pickup|US|Sai Gon||2025-07-21|11:00|13:00|||NULL|60.00|0.00|0.00|60.00|1262|2025-07-21 04:16:47.289|USA||uploads/6/01K0NK5WZQ90XQJ90QJK0YN2RV.pdf|E-INVOICE|"[{""fee"": 0, ""desc"": """", ""amount"": 120, ""method"": ""transfer""}]"|6|NULL|USD|NULL|NULL||"[{""fee"": 0, ""desc"": """", ""amount"": 5, ""method"": ""new other""}, {""fee"": 0, ""desc"": """", ""amount"": 6, ""method"": ""new another""}, {""fee"": 0, ""desc"": """", ""amount"": 1, ""method"": ""sale_tax""}, {""fee"": 0, ""desc"": """", ""amount"": 2, ""method"": ""state_tax""}, {""fee"": 0, ""desc"": ""misc"", ""amount"": 3, ""method"": ""misc_fee""}, {""fee"": 0, ""desc"": """", ""amount"": 4, ""method"": ""other""}]"|NULL|NULL
1581|2025-07-21 03:37:59.120|2025-07-21 03:38:07.200|US/0725/88000003|shipped|Pickup|US|Jakatar||2025-07-21|11:00|13:00|||NULL|70.00|0.00|0.00|70.00|1263|2025-07-21 03:37:59.075|USA||uploads/6/01K0NGYTA387SPARQQ40SCBC9J.pdf|E-INVOICE|"[{""fee"": 0, ""desc"": """", ""amount"": 120, ""method"": ""transfer""}]"|6|NULL|USD|NULL|NULL||"[{""fee"": 0, ""desc"": """", ""amount"": 120, ""method"": ""sale_tax""}, {""fee"": 0, ""desc"": """", ""amount"": 130, ""method"": ""state_tax""}, {""fee"": 0, ""desc"": ""Misc"", ""amount"": 150, ""method"": ""misc_fee""}]"|NULL|NULL
1574|2025-07-15 06:38:03.045|2025-07-15 06:38:12.435|US/0725/88000002|shipped|Pickup|US|Sai Gon||2025-07-15|11:00|13:00|||NULL|2000.00|0.00|0.00|2000.00|1262|2025-07-15 06:38:02.992|USA||uploads/6/01K06CW8ADR5F9H94YB9S98QN7.pdf|E-INVOICE|"[{""fee"": 0, ""desc"": """", ""amount"": 1000, ""method"": ""cash""}, {""fee"": 0, ""desc"": """", ""amount"": 999, ""method"": ""new other""}, {""fee"": 0, ""desc"": """", ""amount"": 1, ""method"": ""pay enough""}]"|6|NULL|USD|NULL|NULL||null|NULL|NULL
1570|2025-07-09 05:01:55.260|2025-07-09 05:02:06.990|US/0725/88000001|shipped|Pickup|US|23232||2025-07-09|11:00|13:00|||NULL|1000.00|0.00|0.00|1000.00|1814|2025-07-09 05:01:55.220|USA||uploads/6/01JZPRZZXW8ZQ64S4QDDCDFDFB.pdf|E-INVOICE|"[{""fee"": 0, ""amount"": 1000, ""method"": ""cash""}]"|6|NULL|USD|NULL|NULL||NULL|NULL|NULL
1568|2025-06-10 02:39:22.188|2025-06-10 02:39:29.076|US/0625/88000002|shipped|Pickup|US|Sai Gon||2025-06-10|11:00|13:00|||NULL|1000.00|0.00|0.00|1000.00|1262|2025-06-10 02:39:22.120|United States of America||uploads/6/01JXBV9ZMB6AV24JZSDQT2Z40D.pdf|E-INVOICE|"[{""fee"": 0, ""amount"": 1000, ""method"": ""transfer""}, {""fee"": 0, ""amount"": 1000, ""method"": ""cash""}, {""fee"": 0, ""amount"": 1000, ""method"": ""New Method""}]"|6|NULL|USD|NULL|NULL||NULL|NULL|NULL
1565|2025-06-03 08:21:01.648|2025-06-03 08:21:16.174|US/0625/88000001|shipped|Doorstep|US|123 ly chinh thang||2025-06-03|11:00|13:00|||NULL|1270.00|25.00|0.00|1325.00|668|2025-06-03 08:21:01.580|United States of America||uploads/6/01JWTE2S3006TFJKSMGEGPW5NJ.pdf|E-INVOICE|"[{""fee"": 0, ""amount"": 100, ""method"": ""transfer""}, {""fee"": 30, ""amount"": 800, ""method"": ""mpgs""}, {""fee"": 0, ""amount"": 300, ""method"": ""cash""}, {""fee"": 0, ""amount"": 200, ""method"": ""trade in""}]"|6|NULL|USD|NULL|NULL||NULL|NULL|NULL
1545|2025-05-05 08:54:10.414|2025-05-05 08:56:03.722|FLA251251545|paid|doorstep|SG|halo 123|16181|2025-05-17|17:00|19:00|transfer||NULL|6500.00|0.00|0.00|6500.00|1292|NULL|Singapore||uploads/6/01JTFTHMQ960VQV1VTGF3AM82G.pdf|NORMAL|null|1|NULL|SGD|NULL|NULL|SGD|NULL|NULL|NULL
1544|2025-05-05 08:40:17.169|2025-05-05 08:43:22.115|FLA251251544|paid|doorstep|SG|halo 123|16181|2025-05-17|17:00|19:00|transfer||NULL|2600000000.00|4000000.00|0.00|2604000000.00|1292|NULL|Singapore||uploads/6/01JTFSTCXM3W4BRW3Z59345E5R.pdf|NORMAL|null|2|NULL|IDR|NULL|53|SGD|NULL|NULL|NULL
1543|2025-05-05 08:38:52.648|2025-05-05 08:49:54.937|FLA251251523|canceled|doorstep|SG|halo 123|16181|2025-05-17|17:00|19:00|mpgs|804df261-3354-4ee8-bcd4-1452f239cf5f|2025-05-05 08:48:52.641|6500.00|0.00|227.50|6727.50|1292|NULL|Singapore|||NORMAL|null|1|NULL|SGD|NULL|NULL|SGD|NULL|NULL|NULL
1542|2025-04-25 07:54:52.978|2025-04-25 07:54:53.682|SG/0425/88000006|shipped|Pickup|SG|sacascascas||2025-04-25|11:00|13:00|||NULL|2500.00|0.00|0.00|2500.00|1787|2025-04-25 07:54:51.553|Singapore|||E-INVOICE|"[{""fee"": 0, ""amount"": 2500, ""method"": ""transfer""}]"|1|NULL|SGD|NULL|NULL||NULL|NULL|NULL
1540|2025-04-25 07:52:41.816|2025-04-25 07:52:42.530|SG/0425/88000005|shipped|Pickup|SG|sacascascas||2025-04-25|11:00|13:00|||NULL|4300.00|0.00|0.00|4300.00|1787|2025-04-25 07:52:40.406|Singapore|||E-INVOICE|"[{""fee"": 0, ""amount"": 4300, ""method"": ""transfer""}]"|1|NULL|SGD|NULL|NULL||NULL|NULL|NULL
1538|2025-04-25 07:46:53.133|2025-04-25 07:46:53.846|SG/0425/88000004|shipped|Pickup|SG|sacascascas||2025-04-25|11:00|13:00|||NULL|600.00|0.00|0.00|600.00|1787|2025-04-25 07:46:51.616|Singapore|||E-INVOICE|"[{""fee"": 0, ""amount"": 600, ""method"": ""transfer""}]"|1|NULL|SGD|NULL|NULL||NULL|NULL|NULL
1536|2025-04-25 07:41:27.218|2025-04-25 07:41:27.929|SG/0425/88000003|shipped|Pickup|SG|sacascascas||2025-04-25|11:00|13:00|||NULL|6800.00|0.00|0.00|6800.00|1787|2025-04-25 07:41:25.596|Singapore|||E-INVOICE|"[{""fee"": 0, ""amount"": 6800, ""method"": ""transfer""}]"|1|NULL|SGD|NULL|NULL||NULL|NULL|NULL
1525|2025-04-25 06:55:19.231|2025-04-25 06:55:25.848|SG/0425/88000002|shipped|Doorstep|SG|Sai Gon||2025-04-25|11:00|13:00|||NULL|42000.00|1000.00|0.00|43000.00|1262|2025-04-25 06:55:19.201|Singapore||uploads/6/01JSNVNJFGCKBPNYCAH5ZMG65W.pdf|E-INVOICE|"[{""fee"": 0, ""amount"": 50000, ""method"": ""transfer""}]"|1|NULL|SGD|NULL|NULL||NULL|NULL|NULL
1522|2025-04-25 06:09:20.918|2025-04-25 06:20:23.285|FLA251151522|canceled|doorstep|ID|3 ly chinh thang|30000|2025-04-27|17:00|19:00|xendit_va|680b2711652ef41a15430d20|2025-04-25 06:19:20.910|9500000.00|100000.00|144000.00|9744000.00|668|NULL|Indonesia|||NORMAL|null|2|NULL|IDR|NULL|NULL|IDR|NULL|NULL|NULL
1521|2025-04-25 06:07:18.374|2025-04-25 06:07:35.017|FLA251151521|paid|pickup|ID|||2025-04-25|17:00|19:00|transfer||NULL|8500000.00|0.00|0.00|8500000.00|668|NULL|Indonesia||uploads/6/01JSNRXYYPKZ91ZMCGC7PV2AJ2.pdf|NORMAL|null|2|NULL|IDR|NULL|NULL|IDR|NULL|NULL|NULL
1520|2025-04-25 05:59:08.959|2025-04-25 06:10:11.116|FLA251151520|canceled|doorstep|ID|1.1 ly chinh thang|11000|2025-04-27|15:00|17:00|xendit_cc|680b24ad652ef41a1543097e|2025-04-25 06:09:08.935|6000000.00|200000.00|217000.00|6417000.00|668|NULL|Indonesia|||NORMAL|null|2|NULL|IDR|NULL|NULL|IDR|NULL|NULL|NULL
1519|2025-04-25 04:48:01.424|2025-04-25 04:59:03.127|FLA251151513|canceled|doorstep|ID|1 ly chinh thang|10000|2025-04-27|17:00|19:00|xendit_cc|680b1401652ef41a1542f193|2025-04-25 04:58:01.419|6000000.00|200000.00|217000.00|6417000.00|668|NULL|Indonesia|||NORMAL|null|2|NULL|IDR|NULL|NULL|IDR|NULL|NULL|NULL
1518|2025-04-25 04:43:35.885|2025-04-25 04:43:49.820|ID/0425/88000003|shipped|Others • trade in|ID|123 ly chinh thang||2025-04-25|11:00|13:00|||NULL|6000000.00|0.00|0.00|6000000.00|668|2025-04-25 04:43:35.834|Indonesia||uploads/6/01JSNM4KFVR3573R1V2P85C77Z.pdf|E-INVOICE|"[{""fee"": 0, ""amount"": 7000000, ""method"": ""trade with another bag""}]"|2|NULL|IDR|NULL|NULL||NULL|NULL|NULL
1516|2025-04-25 04:40:45.658|2025-04-25 04:40:59.267|ID/0425/88000002|shipped|Doorstep|ID|123 ly chinh thang||2025-04-25|11:00|13:00|||NULL|5000000.00|100000.00|0.00|5450000.00|668|2025-04-25 04:40:45.604|Indonesia||uploads/6/01JSNKZCXNZ5R9MRX2801AP5GG.pdf|E-INVOICE|"[{""fee"": 350000, ""amount"": 5000000, ""method"": ""mpgs""}]"|2|NULL|IDR|NULL|NULL||NULL|NULL|NULL
1514|2025-04-25 04:38:28.471|2025-04-25 04:38:41.828|ID/0425/88000001|shipped|Pickup|ID|123 ly chinh thang||2025-04-25|11:00|13:00|||NULL|3500000.00|0.00|0.00|3500000.00|668|2025-04-25 04:38:28.404|Indonesia||uploads/6/01JSNKV6QY57XM6732SE7Y4SRV.pdf|E-INVOICE|"[{""fee"": 0, ""amount"": 1000000, ""method"": ""transfer""}, {""fee"": 0, ""amount"": 2500000, ""method"": ""cash""}]"|2|NULL|IDR|NULL|NULL||NULL|NULL|NULL
1512|2025-04-25 04:15:39.185|2025-04-25 04:16:26.412|FLA251151512|paid|doorstep|CA|456 ly chinh thang|80000|2025-04-25|17:00|19:00|mpgs|890f90c4-75be-48e6-9687-e5c17d0a1e7d_1|NULL|1000.00|150.00|40.25|1190.25|668|NULL|Canada||uploads/6/01JSNJJEM4T24BD5QVMSWNH4A9.pdf|NORMAL|null|1|NULL|SGD|NULL|NULL|SGD|NULL|NULL|NULL
1511|2025-04-25 04:10:54.788|2025-04-25 04:12:19.614|FLA251151511|paid|pickup|SG|||2025-04-25|17:00|19:00|mpgs|bafaa0d8-cce3-483a-80e6-8d25e2f29e81_1|NULL|900.00|0.00|31.50|931.50|668|NULL|Singapore||uploads/6/01JSNJAXM9KEEPPXTW022S47YF.pdf|NORMAL|null|1|NULL|SGD|NULL|NULL|SGD|NULL|NULL|NULL
1510|2025-04-25 04:05:15.534|2025-04-25 04:05:42.187|FLA251151508|paid|doorstep|SG|123 ly chinh thang|80000|2025-04-27|17:00|19:00|transfer||NULL|800.00|25.00|0.00|825.00|668|NULL|Singapore||uploads/6/01JSNHYSGRZBTYHB71GZHYZND8.pdf|NORMAL|null|1|NULL|SGD|NULL|NULL|SGD|NULL|NULL|NULL
1509|2025-04-25 04:00:47.637|2025-04-25 04:01:03.465|SG/0425/88000001|shipped|Pickup|SG|123 ly chinh thang||2025-04-25|11:00|13:00|||NULL|700.00|0.00|0.00|700.00|668|2025-04-25 04:00:47.590|Singapore||uploads/6/01JSNHP9A124DCW05BSF6ZH8CT.pdf|E-INVOICE|"[{""fee"": 0, ""amount"": 700, ""method"": ""transfer""}]"|1|NULL|SGD|NULL|NULL||NULL|NULL|NULL
1507|2025-04-03 07:01:57.246|2025-04-24 04:35:36.345|FLA250931507|paid|pickup|SG|||2025-04-04|11:00|13:00|mpgs|b65bfa2b-b1e6-406e-b206-36059a1a0bf9_1|NULL|3000.00|0.00|105.00|3105.00|1292|NULL|Singapore||uploads/6/01JSK18TMCYPZDZWJ1MW0XA37J.pdf|NORMAL|null|1|NULL|SGD|NULL|52|MYR|NULL|NULL|NULL
1506|2025-02-21 08:12:47.623|2025-04-24 03:41:14.970|FLA250521506|canceled|pickup|SG|||2025-02-23|11:00|13:00|transfer||NULL|40000.00|0.00|0.00|40000.00|1771|NULL|Singapore|||NORMAL|null|1|NULL|SGD|NULL|51|USD|NULL|NULL|NULL
1505|2025-02-21 02:49:07.408|2025-02-21 02:50:34.253|FLA250521505|paid|pickup|SG|||2025-02-23|11:00|13:00|mpgs|874f9876-7f14-42b1-9f8f-efea59cb8438_1|NULL|750.00|0.00|26.25|776.25|668|NULL|Singapore||uploads/6/01JMK6KY7QX7WMTZ1200YKY5P2.pdf|NORMAL|null|1|NULL|SGD|NULL|NULL|SGD|NULL|NULL|NULL
1504|2024-11-28 02:21:27.677|2024-11-28 02:31:35.865|FLA243331504|canceled|pickup|SG|||2024-06-05|11:00|13:00|mpgs|bee8d7f4-ad4f-4942-96b8-3b8ef86816fa|2024-11-28 02:31:27.659|3000.00|0.00|105.00|3105.00|8|NULL|Singapore|||NORMAL|null|1|NULL|SGD|NULL|52|MYR|NULL|NULL|NULL
1503|2024-11-27 11:32:51.599|2024-11-27 11:33:43.135|FLA243321503|paid|doorstep|AU|the address|45555|2024-06-05|11:00|13:00|mpgs|31f890d5-8f6e-4a0f-a725-7f433b5a16af_1|NULL|2222.00|150.00|83.02|2455.02|8|NULL|Australia||uploads/6/01JDPPC1DVYSSMR34K4DS4SCT3.pdf|NORMAL|null|1|NULL|SGD|NULL|52|MYR|NULL|NULL|NULL
1502|2024-11-27 11:30:57.724|2025-04-24 03:55:56.094|FLA243321502|canceled|doorstep|AU|the address|45555|2024-06-05|11:00|13:00|transfer||NULL|200.00|300.00|0.00|500.00|1767|NULL|Australia|||NORMAL|null|1|NULL|SGD|NULL|52|MYR|NULL|NULL|NULL
1501|2024-11-27 11:23:18.958|2025-04-24 04:02:27.193|FLA243321501|paid|doorstep|AU|d|45555|2024-06-05|11:00|13:00|transfer||NULL|3.00|150.00|0.00|153.00|1767|NULL|Australia|||NORMAL|null|1|NULL|SGD|NULL|52|MYR|NULL|NULL|NULL
1500|2024-11-27 08:32:47.128|2024-11-27 08:32:47.128|FLA243321500|pending|pickup|ID|||2024-11-29|15:00|17:00|transfer||2024-11-27 09:02:47.105|12500000.00|0.00|0.00|12500000.00|668|NULL|Indonesia|||NORMAL|null|2|NULL|IDR|NULL|NULL|IDR|NULL|NULL|NULL
1499|2024-11-12 02:50:43.896|2024-11-12 06:25:04.652|FLA243171499|paid|pickup|SG|||2024-11-13|11:00|13:00|transfer||NULL|900000.00|0.00|0.00|900000.00|1786|NULL|Singapore||uploads/6/01JCF4KPSZ4ABYT27XHAC8YX05.pdf|NORMAL|null|1|NULL|SGD|NULL|NULL|SGD|NULL|NULL|NULL
1498|2024-11-12 02:28:42.502|2024-11-12 02:39:44.829|FLA243171498|canceled|pickup|SG|||2024-11-13|11:00|13:00|mpgs|91ce73eb-450d-4fb7-925a-8678d39254b7|2024-11-12 02:38:42.469|950000.00|0.00|33250.00|983250.00|1786|NULL|Singapore|||NORMAL|null|1|NULL|SGD|NULL|NULL|SGD|NULL|NULL|NULL
1497|2024-11-11 11:35:46.211|2024-11-12 02:52:37.052|FLA243161493|canceled|pickup|SG|||2024-11-13|11:00|13:00|transfer||NULL|950000.00|0.00|0.00|950000.00|1786|NULL|Singapore|||NORMAL|null|1|NULL|SGD|NULL|NULL|SGD|NULL|NULL|NULL
1496|2024-10-24 09:42:59.286|2024-10-24 09:43:07.851|ID/1024/88000001|shipped|Doorstep|ID|123 ly chinh thang||2024-10-24|11:00|13:00|||NULL|17000000.00|200000.00|0.00|17280000.00|668|2024-10-24 09:42:59.198|Indonesia||uploads/6/01JAYYH3M35D18RXM26VV1MEFG.pdf|E-INVOICE|"[{""fee"": 0, ""amount"": 10000000, ""method"": ""transfer""}, {""fee"": 80000, ""amount"": 7000000, ""method"": ""mpgs""}]"|2|NULL|IDR|NULL|NULL||NULL|NULL|NULL
1494|2024-10-24 09:28:15.916|2024-10-24 09:28:25.396|SG/1024/88000001|shipped|Doorstep|SG|123 ly chinh thang district 3 HCM city||2024-10-24|11:00|13:00|||NULL|8500.00|50.00|0.00|8580.00|7|2024-10-24 09:28:15.836|Singapore||uploads/6/01JAYXP5VV7R59TGW3NQWM118T.pdf|E-INVOICE|"[{""fee"": 0, ""amount"": 2600, ""method"": ""transfer""}, {""fee"": 0, ""amount"": 1000, ""method"": ""paynow""}, {""fee"": 30, ""amount"": 2000, ""method"": ""mpgs""}, {""fee"": 0, ""amount"": 1000, ""method"": ""cash""}, {""fee"": 0, ""amount"": 2000, ""method"": ""trade""}]"|1|NULL|SGD|NULL|NULL||NULL|NULL|NULL
1492|2024-10-23 11:04:21.579|2024-10-23 11:09:31.342|FLA242971492|shipped|doorstep|SG|uyyyy|yyyyy|2024-10-26|15:00|17:00|transfer||NULL|6800.00|0.00|0.00|6800.00|1330|NULL|Singapore||uploads/6/01JAWH0HKPHRYJZ0AR1AZE856R.pdf|NORMAL|null|1|NULL|SGD|NULL|NULL|SGD|NULL|NULL|NULL
1491|2024-10-09 05:10:12.215|2024-10-09 05:11:15.568|FLA242831490|paid|doorstep|SG|abc|123|2024-10-11|13:00|15:00|transfer||NULL|1200.00|25.00|0.00|1225.00|1123|NULL|Singapore||uploads/6/01J9QV0GMJPQ0474H5ZTXXA0FB.pdf|NORMAL|null|1|NULL|SGD|NULL|NULL|SGD|NULL|NULL|NULL
1489|2024-09-25 07:17:13.186|2024-09-25 07:41:59.365|FLA242691489|shipped|doorstep|SG|abc|123|2024-09-27|11:00|13:00|transfer||NULL|200.00|25.00|0.00|225.00|1123|NULL|Singapore||uploads/6/01J8M0PV8HQ6JVZW2R7ZGZ5MDH.pdf|NORMAL|null|1|NULL|SGD|NULL|NULL|SGD|NULL|NULL|NULL
1488|2024-09-20 04:36:19.782|2024-09-20 04:36:19.782|FLA242641488|pending|pickup|SG|||2024-09-21|11:00|13:00|transfer||2024-09-20 05:06:19.769|800.00|0.00|0.00|800.00|1566|NULL|Singapore|||NORMAL|null|1|NULL|SGD|NULL|52|MYR|NULL|NULL|NULL
1487|2024-09-20 04:00:31.838|2024-09-20 04:00:31.838|FLA242641487|pending|pickup|SG|||2024-09-21|11:00|13:00|transfer||2024-09-20 04:30:31.817|800.00|0.00|0.00|800.00|1566|NULL|Singapore|||NORMAL|null|1|NULL|SGD|NULL|52|MYR|NULL|NULL|NULL
1486|2024-09-19 13:51:24.951|2024-09-19 13:51:24.951|FLA242631486|pending|pickup|SG|||2024-09-21|11:00|13:00|transfer||2024-09-19 14:21:24.935|200.00|0.00|0.00|200.00|1566|NULL|Singapore|||NORMAL|null|1|NULL|SGD|NULL|52|MYR|NULL|NULL|NULL
1485|2024-09-19 06:59:21.367|2024-09-19 06:59:21.367|FLA242631480|pending|pickup|SG|||2024-09-21|11:00|13:00|transfer||2024-09-19 07:29:21.354|800.00|0.00|0.00|800.00|1566|NULL|Singapore|||NORMAL|null|1|NULL|SGD|NULL|52|MYR|NULL|NULL|NULL
1484|2024-09-09 07:04:31.724|2024-09-09 07:04:40.783|SG/0924/88000002|shipped|Doorstep|SG|333||2024-09-09|11:00|13:00|||NULL|700.00|1000.00|0.00|1700.00|1337|2024-09-09 07:04:31.697|Singapore||uploads/6/01J7ASJMEP40NP0XM4HK551YG4.pdf|E-INVOICE|"[{""fee"": 0, ""amount"": 1700, ""method"": ""paynow""}]"|1|NULL|SGD|NULL|NULL||NULL|NULL|NULL
1481|2024-09-09 05:59:09.209|2024-09-09 05:59:16.348|SG/0924/88000001|shipped|Doorstep|SG|333||2024-09-09|11:00|13:00|||NULL|8000.00|3000.00|0.00|11000.00|1337|2024-09-09 05:59:09.159|Singapore||uploads/6/01J7ANTVZ42MNCEVAYPECCMBC6.pdf|E-INVOICE|"[{""fee"": 0, ""amount"": 8000, ""method"": ""transfer""}]"|1|NULL|SGD|NULL|NULL||NULL|NULL|NULL
1479|2024-08-13 01:36:04.595|2024-08-13 01:37:29.169|FLA242261479|paid|doorstep|SG|my address in Singapore|55667788|2024-07-26|13:00|15:00|transfer||NULL|2501111.00|2000000.00|0.00|4501111.00|1302|NULL|Singapore||uploads/6/01J54P43W0Y01QP81CT6BACHHC.pdf|NORMAL|null|2|NULL|IDR|NULL|NULL|IDR|NULL|NULL|NULL
1478|2024-08-11 13:46:35.412|2024-08-11 13:48:38.315|FLA242241478|paid|doorstep|ID|thai@yopmail.com|71000||||xendit_cc|66b8c0bb1cd15888c0614f4c|NULL|3500000.00|0.00|122500.00|3622500.00|1263|NULL|Indonesia||uploads/6/01J50V5ER0T8031PTMRG46F2BX.pdf|NORMAL|null|2|NULL|IDR|NULL|NULL|IDR|NULL|NULL|NULL
1477|2024-08-05 10:48:39.043|2024-10-24 08:57:06.445|FLA242181473|canceled|doorstep|SG|38 trường quoc dung|23456|2024-05-30|11:00|13:00|transfer||NULL|20000000.00|2000000.00|0.00|22000000.00|668|NULL|Singapore|||NORMAL|null|2|NULL|IDR|NULL|NULL|IDR|NULL|NULL|NULL
1472|2024-08-05 08:28:47.904|2024-08-05 08:28:47.904|FLA242181466|pending|doorstep|BE|Address 123|123||||transfer||2024-08-05 08:58:47.885|50000000.00|2000000.00|0.00|52000000.00|630|NULL|Belgium|||NORMAL|null|2|NULL|IDR|NULL|NULL|IDR|NULL|NULL|NULL
1469|2024-08-02 05:29:12.274|2024-08-02 05:29:18.965|SG/0824/88000001|shipped|Pickup|SG|123 ly chinh thang||2024-08-02|11:00|13:00|||NULL|3600.00|0.00|0.00|3600.00|668|2024-08-02 05:29:12.139|Singapore||uploads/6/01J48S0PNCACGPSQ74JMV7VE26.pdf|E-INVOICE|"[{""fee"": 0, ""amount"": 4000, ""method"": ""transfer""}]"|1|NULL|SGD|NULL|NULL||NULL|NULL|NULL
1465|2024-08-02 04:18:48.242|2024-08-02 04:19:50.830|FLA242151465|paid|pickup|SG|||2024-08-04|11:00|13:00|mpgs|71a2f51b-fd67-4a0e-a04b-fdeb79924246_1|NULL|1600.00|0.00|56.00|1656.00|1356|NULL|Singapore||uploads/6/01J48N1G54FY9QV4WSJW6F54C4.pdf|NORMAL|null|1|NULL|SGD|NULL|NULL|SGD|NULL|NULL|NULL
1464|2024-08-02 04:15:30.164|2024-08-02 04:26:32.884|FLA242151464|canceled|pickup|SG|||2024-08-04|11:00|13:00|mpgs|38f4e459-2dd2-4d7f-b31d-c2c689f0c742|2024-08-02 04:25:30.150|6000.00|0.00|210.00|6210.00|1356|NULL|Singapore|||NORMAL|null|1|NULL|SGD|NULL|NULL|SGD|NULL|NULL|NULL
1463|2024-08-02 03:28:30.899|2024-08-02 03:39:33.438|FLA242151463|canceled|pickup|SG|||2024-08-04|11:00|13:00|mpgs|d7506b91-1661-4f04-91b0-be2cf9555e13|2024-08-02 03:38:30.858|500.00|0.00|17.50|517.50|1353|NULL|Singapore|||NORMAL|null|1|NULL|SGD|NULL|NULL|SGD|NULL|NULL|NULL
1462|2024-07-31 09:50:26.350|2024-07-31 09:51:39.521|FLA242131462|paid|doorstep|SG|38 trường quoc dung|23456|2024-05-30|11:00|13:00|transfer||NULL|700.00|25.00|0.00|725.00|668|NULL|Singapore||uploads/6/01J4437M6Z1W785T4DBSAHN5YT.pdf|NORMAL|null|1|NULL|SGD|NULL|NULL|SGD|NULL|NULL|NULL
1461|2024-07-31 09:38:50.544|2024-07-31 09:39:42.076|FLA242131461|paid|doorstep|SG|38 trường quoc dung|23456|2024-05-30|11:00|13:00|transfer||NULL|2500.00|25.00|0.00|2525.00|668|NULL|Singapore||uploads/6/01J442HQJV0YN389PKTTRADSXR.pdf|NORMAL|null|1|NULL|SGD|NULL|NULL|SGD|NULL|NULL|NULL
1460|2024-07-31 09:10:51.227|2024-07-31 09:11:36.302|FLA242131460|paid|doorstep|SG|38 trường quoc dung|23456|2024-05-30|11:00|13:00|transfer||NULL|700.00|25.00|0.00|725.00|668|NULL|Singapore||uploads/6/01J440Y9AAVYEG2G24KKHSK57M.pdf|NORMAL|null|1|NULL|SGD|NULL|NULL|SGD|NULL|NULL|NULL
1459|2024-07-31 08:33:54.253|2024-07-31 08:36:42.269|FLA242131459|paid|pickup|SG|||2024-08-02|13:00|15:00|mpgs|a6e5a43d-976b-485c-bd7e-2bd00e4a4ce7_1|NULL|1000.00|0.00|35.00|1035.00|1309|NULL|Singapore||uploads/6/01J43YVGAR3RVWTMKZVVRR1QEG.pdf|NORMAL|null|1|NULL|SGD|NULL|NULL|SGD|NULL|NULL|NULL
1458|2024-07-31 08:32:41.137|2024-07-31 08:33:18.291|FLA242131458|paid|doorstep|SG|38 trường quoc dung|23456|2024-05-30|11:00|13:00|transfer||NULL|11500.00|0.00|0.00|11500.00|668|NULL|Singapore||uploads/6/01J43YR57VW051X0GDXMYYMSJM.pdf|NORMAL|null|1|NULL|SGD|NULL|NULL|SGD|NULL|NULL|NULL
1457|2024-07-31 08:09:30.503|2024-07-31 08:14:52.275|FLA242131453|paid|doorstep|SG|38 trường quoc dung|23456|2024-05-30|11:00|13:00|transfer||NULL|222222.00|0.00|0.00|222222.00|668|NULL|Singapore||uploads/6/01J43XPD2V306WXF25GWW270EA.pdf|NORMAL|null|1|NULL|SGD|NULL|NULL|SGD|NULL|NULL|NULL
1452|2024-07-29 06:54:52.543|2024-07-29 06:54:52.543|FLA242111452|pending|pickup|SG|||2024-07-31|13:00|15:00|transfer||2024-07-29 07:24:52.533|2100.00|0.00|0.00|2100.00|1309|NULL|Singapore|||NORMAL|null|1|NULL|SGD|NULL|NULL|SGD|NULL|NULL|NULL
1451|2024-07-29 04:00:47.635|2024-07-29 04:00:47.635|FLA242111451|pending|pickup|SG|||2024-07-31|13:00|15:00|transfer||2024-07-29 04:30:47.622|80.00|0.00|0.00|80.00|1309|NULL|Singapore|||NORMAL|null|1|NULL|SGD|NULL|NULL|SGD|NULL|NULL|NULL
1450|2024-07-26 06:52:44.502|2024-07-26 06:52:44.502|FLA242081450|pending|pickup|SG|||2024-07-31|13:00|15:00|transfer||2024-07-26 07:22:44.498|17800.00|0.00|0.00|17800.00|1309|NULL|Singapore|||NORMAL|null|1|NULL|SGD|NULL|NULL|SGD|NULL|NULL|NULL
1449|2024-07-24 09:08:07.144|2024-07-24 09:11:57.036|FLA242061447|shipped|pickup|SG|||2024-07-31|13:00|15:00|mpgs|94b0a9dc-3135-480b-bf5d-7f2be1ac724b_1|NULL|6800.00|0.00|238.00|7038.00|1309|NULL|Singapore||uploads/6/01J3J01C2T5Y5M63SCM73RZ52T.pdf|NORMAL|null|1|NULL|SGD|NULL|NULL|SGD|NULL|NULL|NULL
1448|2024-07-24 09:00:46.955|2024-07-24 09:01:06.163|0724/88000002|shipped|Pickup|SG|123  ly chi thang||2024-07-24|11:00|13:00|||NULL|21500.00|0.00|0.00|21500.00|1309|2024-07-24 09:00:46.901|Singapore||uploads/6/01J3HZJ11PFVNVZFTNR9X6KHVN.pdf|E-INVOICE|"[{""fee"": 0, ""amount"": 21500, ""method"": ""transfer""}]"|1|NULL|SGD|NULL|NULL||NULL|NULL|NULL
1446|2024-07-24 08:39:47.851|2024-07-24 08:39:47.851|FLA242061446|pending|doorstep|SG|my address in Singapore|55667788|2024-07-26|13:00|15:00|transfer||2024-07-24 09:09:47.833|333333.00|0.00|0.00|333333.00|1302|NULL|Singapore|||NORMAL|null|1|NULL|SGD|NULL|NULL|SGD|NULL|NULL|NULL
1445|2024-07-24 07:45:26.704|2024-08-13 01:37:11.443|FLA242061445|paid|doorstep|SG|my address in Singapore|55667788|2024-07-26|13:00|15:00|transfer||NULL|333333.00|0.00|0.00|333333.00|1302|NULL|Singapore||uploads/6/01J54P3JGCC4M96S63FX3ZRKVE.pdf|NORMAL|null|1|NULL|SGD|NULL|NULL|SGD|NULL|NULL|NULL
1444|2024-07-24 07:34:59.420|2024-07-24 08:43:13.962|FLA242061444|shipped|pickup|SG|||2024-07-31|15:00|17:00|mpgs|59aa6a9e-4b17-445a-a70b-7644b30b8042_1|NULL|1200.00|0.00|42.00|1242.00|1309|NULL|Singapore||uploads/6/01J3HTR2E8TDW37PN7JX0TP6R5.pdf|NORMAL|null|1|NULL|SGD|NULL|NULL|SGD|NULL|NULL|NULL
1443|2024-07-24 07:32:29.682|2024-07-24 07:32:29.682|FLA242061443|pending|pickup|ID|||2024-07-27|15:00|17:00|transfer||2024-07-24 08:02:29.671|12500000.00|0.00|0.00|12500000.00|1309|NULL|Indonesia|||NORMAL|null|2|NULL|IDR|NULL|NULL|IDR|NULL|NULL|NULL
1442|2024-07-24 07:32:17.961|2024-07-24 07:32:29.619|FLA242061440|canceled|pickup|ID|||2024-07-27|15:00|17:00|xendit_va|66a0ae0230ee010a6449f4b3|2024-07-24 07:42:17.952|12500000.00|0.00|187500.00|12687500.00|1309|NULL|Indonesia|||NORMAL|null|2|NULL|IDR|NULL|NULL|IDR|NULL|NULL|NULL
1441|2024-07-23 08:10:25.484|2024-07-23 08:10:34.563|0724/88000001|shipped|Pickup|SG|uuuuu||2024-07-23|11:00|13:00|||NULL|8999.99|0.00|0.00|8999.99|1336|2024-07-23 08:10:25.416|Singapore||uploads/6/01J3FA8SGWE1SGZ4JW41X3N0KY.pdf|E-INVOICE|"[{""fee"": 0, ""amount"": 8999.99, ""method"": ""cash""}]"|1|NULL|SGD|NULL|NULL||NULL|NULL|NULL
1439|2024-07-23 02:31:52.377|2024-07-23 02:33:14.558|FLA242051439|canceled|doorstep|ID|ok I can ooo|ok test know if |2024-07-10|11:00|13:00|transfer||NULL|240.00|150.00|0.00|390.00|1302|NULL|Indonesia|||NORMAL|null|1|NULL|SGD|NULL|NULL|SGD|NULL|NULL|NULL
1438|2024-07-23 02:30:19.072|2024-07-23 02:31:13.681|FLA242051438|canceled|doorstep|ID|ok I can ooo|ok test know if |2024-07-10|11:00|13:00|transfer||NULL|240.00|150.00|0.00|390.00|1302|NULL|Indonesia|||NORMAL|null|1|NULL|SGD|NULL|NULL|SGD|NULL|NULL|NULL
1437|2024-07-22 08:28:06.286|2024-07-22 08:28:06.286|FLA242041437|pending|doorstep|ID|38 trường quoc dung|23456|2024-05-30|11:00|13:00|transfer||2024-07-22 08:58:06.273|1901.00|162.00|0.00|2063.00|668|NULL|Indonesia|||NORMAL|null|1|NULL|SGD|NULL|NULL|SGD|NULL|NULL|NULL
1436|2024-07-22 07:52:29.622|2024-07-22 07:52:59.111|FLA242041436|paid|doorstep|SG|abc|123||||xendit_va|669e0fbd13306fa5526f9d8a|NULL|2750000.00|4000000.00|101250.00|6851250.00|1123|NULL|Singapore||uploads/6/01J3CPVVR51086PNP0JZ841X13.pdf|NORMAL|null|2|NULL|IDR|NULL|NULL|IDR|NULL|NULL|NULL
1435|2024-07-22 07:36:53.781|2024-07-22 07:37:24.835|FLA242041435|paid|doorstep|SG|halo 123|16181||||xendit_va|669e0c1613306f4fcc6f91df|NULL|50000000.00|2000000.00|780000.00|52780000.00|1292|NULL|Singapore||uploads/6/01J3CNZBCXYZ8HF3MPB8450AFW.pdf|NORMAL|null|2|NULL|IDR|NULL|NULL|IDR|NULL|NULL|NULL
1434|2024-07-22 07:34:35.984|2024-07-22 07:34:35.984|FLA242041434|pending|doorstep|SG|halo 123|16181||||transfer||2024-07-22 08:04:35.974|2600000000.00|4000000.00|0.00|2604000000.00|1292|NULL|Singapore|||NORMAL|null|2|NULL|IDR|NULL|NULL|IDR|NULL|NULL|NULL
1433|2024-07-22 07:31:03.800|2024-07-22 07:31:29.738|FLA242041433|paid|doorstep|ID|123 ly chinh thang|79888|2024-07-27|15:00|17:00|xendit_va|669e0ab863ac5f7e3f7401f3|NULL|34500000.00|100000.00|519000.00|35119000.00|1309|NULL|Indonesia||uploads/6/01J3CNMGQ3MMD3V5CPFVHW070X.pdf|NORMAL|null|2|NULL|IDR|NULL|NULL|IDR|NULL|NULL|NULL
1432|2024-07-22 07:29:52.486|2024-07-22 07:46:05.904|FLA242041432|paid|doorstep|ID|123 ly chinh thang|79888|2024-07-27|15:00|17:00|xendit_va|669e0a7013306f4f426f8cd8|NULL|34500000.00|100000.00|519000.00|35119000.00|1309|NULL|Indonesia||uploads/6/01J3CPF87VHBGVDAC49J3EX0YA.pdf|NORMAL|null|2|NULL|IDR|NULL|NULL|IDR|NULL|NULL|NULL
1431|2024-07-22 07:26:45.990|2024-07-22 07:27:15.004|FLA242041431|paid|pickup|ID|||2024-07-27|15:00|17:00|xendit_va|669e09b613306f5c1e6f8a96|NULL|12500000.00|0.00|187500.00|12687500.00|1309|NULL|Indonesia||uploads/6/01J3CNCQTMF0H5M79HK6DCCN95.pdf|NORMAL|null|2|NULL|IDR|NULL|NULL|IDR|NULL|NULL|NULL
1430|2024-07-22 07:24:45.417|2024-07-22 07:41:07.935|FLA242041430|paid|pickup|ID|||2024-07-27|15:00|17:00|xendit_va|669e093d63ac5f80b273fcfe|NULL|12500000.00|0.00|187500.00|12687500.00|1309|NULL|Indonesia||uploads/6/01J3CP656TRQK79EYGCTP1WYCM.pdf|NORMAL|null|2|NULL|IDR|NULL|NULL|IDR|NULL|NULL|NULL
1429|2024-07-22 07:00:53.716|2024-08-14 08:10:57.254|FLA242041429|paid|pickup|ID|||2024-07-27|15:00|17:00|xendit_va|669e03a513306f6d196f76f9|NULL|1088000000.00|0.00|16320000.00|1104320000.00|1309|NULL|Indonesia||uploads/6/01J3CPGY1QP1VMCYHG0VH5FKQX.pdf|NORMAL|null|2|NULL|IDR|NULL|NULL|IDR|NULL|NULL|NULL
1428|2024-07-22 06:59:16.923|2024-07-22 07:45:04.435|FLA242041428|paid|doorstep|SG|abc address|79888||||xendit_va|669e034563ac5f0bd773e95c|NULL|50000000.00|2000000.00|780000.00|52780000.00|1309|NULL|Singapore||uploads/6/01J3CPDC6ATEXDMFBBAG0NXVZ7.pdf|NORMAL|null|2|NULL|IDR|NULL|NULL|IDR|NULL|NULL|NULL
1427|2024-07-22 05:18:56.240|2024-07-22 05:29:57.549|FLA242041427|canceled|pickup|SG|||2024-07-27|13:00|15:00|mpgs|102447f7-67c3-4cf9-9c7b-806b971bb8c3|2024-07-22 05:28:56.230|1600.00|0.00|56.00|1656.00|1309|NULL|Singapore|||NORMAL|null|1|NULL|SGD|NULL|NULL|SGD|NULL|NULL|NULL
1426|2024-07-22 05:18:26.310|2024-07-22 05:18:56.097|FLA242041426|canceled|pickup|SG|||2024-07-27|13:00|15:00|mpgs|04b4f81b-e7e6-4ebd-92fe-12f71aec30e3|2024-07-22 05:28:26.301|1600.00|0.00|56.00|1656.00|1309|NULL|Singapore|||NORMAL|null|1|NULL|SGD|NULL|NULL|SGD|NULL|NULL|NULL
1425|2024-07-22 04:48:47.289|2024-07-22 07:50:01.111|FLA242041425|paid|doorstep|SG|abc address|79888|2024-07-27|17:00|19:00|xendit_va|669de4af63ac5fc4797352b0|NULL|50000000.00|2000000.00|780000.00|52780000.00|1309|NULL|Singapore||uploads/6/01J3CPPE0AGVANFSJ6281P2B9D.pdf|NORMAL|null|2|NULL|IDR|NULL|NULL|IDR|NULL|NULL|NULL
1424|2024-07-22 04:45:04.823|2024-07-22 07:46:01.345|FLA242041424|paid|doorstep|SG|abc address|79888|2024-07-27|17:00|19:00|xendit_va|669de3d163ac5f606e734e04|NULL|50000000.00|2000000.00|780000.00|52780000.00|1309|NULL|Singapore||uploads/6/01J3CPF3T8PTKAPGSDC93A0GJY.pdf|NORMAL|null|2|NULL|IDR|NULL|NULL|IDR|NULL|NULL|NULL
1423|2024-07-22 04:43:04.230|2024-07-22 04:48:15.081|FLA242041423|paid|doorstep|SG|abc address|79888|2024-07-27|17:00|19:00|transfer||NULL|1200.00|25.00|0.00|1225.00|1309|NULL|Singapore||uploads/6/01J3CC9KFXH63XXEDWMKSS538N.pdf|NORMAL|null|1|NULL|SGD|NULL|NULL|SGD|NULL|NULL|NULL
1422|2024-07-22 04:42:30.842|2024-07-22 04:43:04.062|FLA242041422|canceled|doorstep|SG|abc address|79888|2024-07-27|17:00|19:00|mpgs|956737b6-be74-4ff5-9867-925f62602d57|2024-07-22 04:52:30.828|1200.00|25.00|42.88|1267.88|1309|NULL|Singapore|||NORMAL|null|1|NULL|SGD|NULL|NULL|SGD|NULL|NULL|NULL
1421|2024-07-22 04:26:15.234|2024-07-22 04:28:11.997|FLA242041421|paid|doorstep|SG|abc address|79888|2024-07-27|17:00|19:00|mpgs|22b8d982-02f1-4126-b16f-bb532d8d3f75_1|NULL|888.00|25.00|31.96|944.96|1309|NULL|Singapore||uploads/6/01J3CB4WKM3MMV9PAHR24GCQQD.pdf|NORMAL|null|1|NULL|SGD|NULL|NULL|SGD|NULL|NULL|NULL
1420|2024-07-22 04:01:35.522|2024-07-22 04:11:37.558|FLA242041420|canceled|doorstep|SG|abc address|79888|2024-07-27|17:00|19:00|mpgs|2329fd8b-4c8e-4214-a1e7-6125062a32dd|2024-07-22 04:11:35.517|888.00|25.00|31.96|944.96|1309|NULL|Singapore|||NORMAL|null|1|NULL|SGD|NULL|NULL|SGD|NULL|NULL|NULL
1419|2024-07-19 07:32:47.346|2024-07-19 07:37:35.964|FLA242011419|paid|doorstep|SG|abc address|79888|2024-07-27|17:00|19:00|mpgs|c1f43739-b287-4369-a80e-0b59eaac2920_1|NULL|8800.00|0.00|308.00|9108.00|1309|NULL|Singapore||uploads/6/01J34YSH834F8CA264ZVMZJ3P7.pdf|NORMAL|null|1|NULL|SGD|NULL|NULL|SGD|NULL|NULL|NULL
1418|2024-07-19 07:20:45.639|2024-07-19 07:30:47.589|FLA242011418|canceled|doorstep|SG|abc address|79888|2024-07-27|17:00|19:00|mpgs|0601e2c1-6139-442c-ba41-2de2f704a40a|2024-07-19 07:30:45.613|8800.00|0.00|308.00|9108.00|1309|NULL|Singapore|||NORMAL|null|1|NULL|SGD|NULL|NULL|SGD|NULL|NULL|NULL
1417|2024-07-19 07:05:44.755|2024-07-19 07:10:37.965|FLA242011417|paid|doorstep|SG|abc address|79888|2024-07-27|17:00|19:00|mpgs|5b03c1ab-8f90-436f-b270-622a755ef316_1|NULL|6800.00|0.00|238.00|7038.00|1309|NULL|Singapore||uploads/6/01J34X0ZBVCYYVFYY8X7WSX51X.pdf|NORMAL|null|1|NULL|SGD|NULL|NULL|SGD|NULL|NULL|NULL
1416|2024-07-19 07:05:11.703|2024-07-19 07:05:11.703|FLA242011416|pending|doorstep|SG|abc address|79888|2024-07-27|17:00|19:00|transfer||2024-07-19 07:35:11.697|6800.00|0.00|0.00|6800.00|1309|NULL|Singapore|||NORMAL|null|1|NULL|SGD|NULL|NULL|SGD|NULL|NULL|NULL
1415|2024-07-19 07:04:42.458|2024-07-19 07:04:50.040|FLA242011415|canceled|doorstep|SG|abc address|79888|2024-07-27|17:00|19:00|mpgs|42384513-124f-4e03-ae6c-8e54ac4c1b8d|2024-07-19 07:14:42.453|6800.00|0.00|238.00|7038.00|1309|NULL|Singapore|||NORMAL|null|1|NULL|SGD|NULL|NULL|SGD|NULL|NULL|NULL
1414|2024-07-19 07:03:17.953|2024-07-19 07:11:37.867|FLA242011414|shipped|doorstep|SG|abc address|79888|2024-07-27|17:00|19:00|mpgs|cca27417-46e8-446e-8355-b0c4d247f701_1|NULL|7800.00|0.00|273.00|8073.00|1309|NULL|Singapore||uploads/6/01J34WX0KGWGSAGBCCFQ7V8CJ8.pdf|NORMAL|null|1|NULL|SGD|NULL|NULL|SGD|NULL|NULL|NULL
1413|2024-07-19 06:58:02.837|2024-07-19 07:11:59.158|FLA242011413|shipped|doorstep|SG|abc address|79888|2024-07-27|17:00|19:00|mpgs|c7b74ba5-1c77-4837-9bde-b5e17d454102_1|NULL|8800.00|0.00|308.00|9108.00|1309|NULL|Singapore||uploads/6/01J34WPT6TFMSFKJFR2N9WKX8E.pdf|NORMAL|null|1|NULL|SGD|NULL|NULL|SGD|NULL|NULL|NULL
1412|2024-07-12 07:53:13.833|2024-07-12 07:53:13.833|FLA241941412|pending|doorstep|AU|d|45555|2024-06-05|11:00|13:00|transfer||2024-07-12 08:23:13.809|3000000.00|3000000.00|0.00|6000000.00|8|NULL|Australia|||NORMAL|null|2|NULL|IDR|NULL|NULL|IDR|NULL|NULL|NULL
1411|2024-07-12 07:51:44.783|2024-07-12 07:51:44.783|FLA241941411|pending|doorstep|SG|d|45555|2024-06-05|11:00|13:00|transfer||2024-07-12 08:21:44.753|50000000.00|2000000.00|0.00|52000000.00|8|NULL|Singapore|||NORMAL|null|2|NULL|IDR|NULL|NULL|IDR|NULL|NULL|NULL
1410|2024-07-12 07:11:02.574|2024-07-12 07:11:02.574|FLA241941410|pending|doorstep|SG|d|45555|2024-06-05|11:00|13:00|transfer||2024-07-12 07:41:02.538|10000000.00|4000000.00|0.00|14000000.00|8|NULL|Singapore|||NORMAL|null|2|NULL|IDR|NULL|NULL|IDR|NULL|NULL|NULL
1409|2024-07-12 07:09:55.124|2024-07-12 07:09:55.124|FLA241941409|pending|doorstep|AU|d|45555|2024-06-05|11:00|13:00|transfer||2024-07-12 07:39:55.062|50000000.00|2000000.00|0.00|52000000.00|8|NULL|Australia|||NORMAL|null|2|NULL|IDR|NULL|NULL|IDR|NULL|NULL|NULL
1408|2024-07-10 03:10:31.565|2024-07-10 03:10:31.565|FLA241921408|pending|doorstep|ID|ok I can ooo|ok test know if |2024-07-10|11:00|13:00|transfer||2024-07-10 03:40:31.457|501.00|150.00|0.00|651.00|1302|NULL|Indonesia|||NORMAL|null|1|NULL|SGD|NULL|NULL|SGD|NULL|NULL|NULL
1407|2024-07-08 09:42:35.805|2024-07-08 09:49:57.407|FLA241901407|shipped|doorstep|ID||||||transfer||NULL|900.00|300.00|0.00|1200.00|1302|2024-07-08 09:49:57.406|Indonesia||uploads/6/01J28VN6NGMTETM5PNS90H85B3.pdf|NORMAL|null|1|NULL|SGD|NULL|NULL|SGD|NULL|NULL|NULL
1406|2024-07-08 09:20:29.895|2024-07-11 07:46:57.954|FLA241901406|paid|doorstep|ID|ok I can ooo|ok test know if |2024-07-10|11:00|13:00|transfer||NULL|10000000.00|200000.00|0.00|10200000.00|1302|NULL|Indonesia||uploads/6/01J28TQ1VG19A1JXZZ8P8Z8S41.pdf|NORMAL|null|2|NULL|IDR|NULL|42|SGD|NULL|NULL|NULL
1405|2024-07-08 09:18:29.650|2024-07-08 09:20:04.821|FLA241901405|paid|doorstep|ID|thai@yopmail.com|71000||||mpgs|c93c87fb-ac82-49d2-9ca5-403703bafd3c_1|NULL|850.00|150.00|35.00|1035.00|1263|NULL|Indonesia||uploads/6/01J28T98ZCZE38PMCBNW5H7K9R.pdf|NORMAL|null|1|NULL|SGD|NULL|42|IDR|NULL|NULL|NULL
1404|2024-07-04 10:53:26.034|2024-07-05 07:54:05.988|FLA241861404|paid|doorstep|ID|PB indo|000989|2024-06-10|15:00|17:00|transfer||NULL|1850.00|300.00|0.00|2150.00|1256|NULL|Indonesia||uploads/6/01J20Y5P0DRH61HDJ88VVKT813.pdf|NORMAL|null|1|NULL|SGD|NULL|NULL|SGD|NULL|NULL|NULL
1403|2024-07-04 10:52:29.631|2024-07-04 10:52:29.631|FLA241861391|pending|doorstep|ID|PB indo|000989|2024-06-10|15:00|17:00|transfer||2024-07-04 11:22:29.583|4990.00|300.00|0.00|5290.00|1256|NULL|Indonesia|||NORMAL|null|1|NULL|SGD|NULL|NULL|SGD|NULL|NULL|NULL
1402|2024-06-28 03:00:36.243|2024-06-28 03:00:44.426|0624/88000009|shipped|Pickup|SG|loc@buuuk.com||2024-06-28|11:00|13:00|||NULL|1000.00|0.00|0.00|1000.00|1300|2024-06-28 03:00:36.196|Singapore||uploads/6/01J1ECKG3RMC7PS23XDE1CVA4G.pdf|E-INVOICE|"[{""fee"": 0, ""amount"": 1000, ""method"": ""cash""}]"|1|NULL|SGD|NULL|NULL||NULL|NULL|NULL
1395|2024-06-27 08:21:03.760|2024-06-27 08:21:11.998|0624/88000008|shipped|Pickup|SG|Jakatar||2024-06-27|11:00|13:00|||NULL|7000000.00|0.00|0.00|7000000.00|1292|2024-06-27 08:21:03.691|Singapore||uploads/6/01J1CCHJ0THZAJA1F32AJY9VWB.pdf|E-INVOICE|"[{""fee"": 0, ""amount"": 7000000, ""method"": ""transfer""}]"|1|NULL|SGD|NULL|NULL||NULL|NULL|NULL
1393|2024-06-27 08:07:33.260|2024-06-27 08:07:42.621|0624/88000007|shipped|Pickup|ID|Jakatar||2024-06-27|11:00|13:00|||NULL|1050000.00|0.00|0.00|1050000.00|1263|2024-06-27 08:07:33.202|Indonesia||uploads/6/01J1CBRVMAX779NGVEPJBQMB79.pdf|E-INVOICE|"[{""fee"": 0, ""amount"": 2000000, ""method"": ""transfer""}]"|2|NULL|IDR|NULL|NULL||NULL|NULL|NULL
1390|2024-06-27 05:10:25.609|2024-06-29 07:38:20.529|FLA241791390|paid|doorstep|ID|d|45555|2024-06-05|11:00|13:00|transfer||NULL|650.00|150.00|0.00|800.00|8|NULL|Indonesia||uploads/6/01J1HEWGQFWSY0PN0SM3DY8ETD.pdf|NORMAL|null|1|NULL|SGD|NULL|NULL|SGD|NULL|NULL|NULL
1389|2024-06-27 05:06:24.476|2024-06-27 05:06:24.476|FLA241791389|pending|doorstep|ID|d|45555|2024-06-05|11:00|13:00|transfer||2024-06-27 05:36:24.441|50000000.00|200000.00|0.00|50200000.00|8|NULL|Indonesia|||NORMAL|null|2|NULL|IDR|NULL|NULL|IDR|NULL|NULL|NULL
1388|2024-06-26 04:28:36.136|2024-06-26 04:28:36.136|FLA241781388|pending|doorstep|ID|PB indo|000989|2024-06-10|15:00|17:00|transfer||2024-06-26 04:58:36.114|1600.00|150.00|0.00|1750.00|1256|NULL|Indonesia|||NORMAL|null|1|NULL|SGD|NULL|NULL|SGD|NULL|NULL|NULL
1387|2024-06-26 04:27:23.216|2024-06-26 04:28:35.965|FLA241781387|canceled|doorstep|ID|PB indo|000989|2024-06-10|15:00|17:00|mpgs|f42656ba-d59b-435c-a87b-aa673847c266|2024-06-26 04:37:23.197|1600.00|150.00|61.25|1811.25|1256|NULL|Indonesia|||NORMAL|null|1|NULL|SGD|NULL|NULL|SGD|NULL|NULL|NULL
1386|2024-06-26 04:10:58.796|2024-06-26 04:10:59.274|FLA241781386|pending|doorstep|ID|PB indo|000989|2024-06-10|15:00|17:00|mpgs|fce544f3-5c8f-46bf-9fba-59750f2afe04|2024-06-26 04:20:58.786|1600.00|158.00|61.54|1819.82|1256|NULL|Indonesia|||NORMAL|null|1|NULL|SGD|NULL|NULL|SGD|NULL|NULL|NULL
1385|2024-06-26 04:08:06.200|2024-06-26 04:10:58.718|FLA241781385|canceled|doorstep|ID|PB indo|000989|2024-06-10|15:00|17:00|mpgs|d13e71ee-fd08-46c5-93a4-fd73e3827ff6|2024-06-26 04:18:06.189|1600.00|158.00|61.54|1819.82|1256|NULL|Indonesia|||NORMAL|null|1|NULL|SGD|NULL|NULL|SGD|NULL|NULL|NULL
1384|2024-06-26 04:07:29.773|2024-06-26 04:08:06.114|FLA241781384|canceled|doorstep|ID|PB indo|000989|2024-06-10|15:00|17:00|mpgs|7b10e321-4cfd-49f5-a8c0-02a179920ecc|2024-06-26 04:17:29.762|1600.00|158.00|61.54|1819.82|1256|NULL|Indonesia|||NORMAL|null|1|NULL|SGD|NULL|NULL|SGD|NULL|NULL|NULL
1383|2024-06-26 04:07:23.738|2024-06-26 04:07:29.676|FLA241781383|canceled|doorstep|ID|PB indo|000989|2024-06-10|15:00|17:00|mpgs|30103bb7-f917-4d34-890b-24b0df1c5fbc|2024-06-26 04:17:23.724|1600.00|158.00|61.54|1819.82|1256|NULL|Indonesia|||NORMAL|null|1|NULL|SGD|NULL|NULL|SGD|NULL|NULL|NULL
1382|2024-06-25 11:13:04.354|2024-06-25 11:13:04.354|FLA241771382|pending|doorstep|SG|38 trường quoc dung|23456|2024-05-30|11:00|13:00|transfer||2024-06-25 11:43:04.330|50000000.00|2000000.00|0.00|52000000.00|668|NULL|Singapore|||NORMAL|null|2|NULL|IDR|NULL|NULL|IDR|NULL|NULL|NULL
1381|2024-06-25 08:56:06.546|2024-06-25 08:56:06.546|FLA241771380|pending|pickup|ID|||2024-06-27|15:00|17:00|transfer||2024-06-25 09:26:06.533|40000000000.00|0.00|0.00|40000000000.00|630|NULL|Indonesia|||NORMAL|null|2|NULL|IDR|NULL|NULL|IDR|NULL|NULL|NULL
1379|2024-06-22 14:14:45.658|2024-06-22 14:14:46.468|FLA241741379|pending|doorstep|SG|38 trường quoc dung|23456|2024-05-30|11:00|13:00|xendit_cc|6676dc5542e7346e906171cf|2024-06-22 14:24:45.630|50000000.00|2000000.00|1820000.00|53820000.00|668|NULL|Singapore|||NORMAL|null|2|NULL|IDR|NULL|NULL|IDR|NULL|NULL|NULL
1378|2024-06-22 10:02:45.845|2024-06-22 10:02:46.625|FLA241741378|pending|doorstep|ID|d|45555|2024-06-05|11:00|13:00|xendit_cc|6676a146cdcc6bc388efb220|2024-06-22 10:12:45.792|50000000.00|200000.00|1757000.00|51957000.00|8|NULL|Indonesia|||NORMAL|null|2|NULL|IDR|NULL|NULL|IDR|NULL|NULL|NULL
1377|2024-06-20 11:48:32.831|2024-06-20 11:48:33.478|FLA241721377|pending|doorstep|ID|d|45555|2024-06-05|11:00|13:00|xendit_cc|66741711cdcc6bdf9bebacd4|2024-06-20 11:58:32.761|50000000.00|200000.00|1757000.00|51957000.00|8|NULL|Indonesia|||NORMAL|null|2|NULL|IDR|NULL|NULL|IDR|NULL|NULL|NULL
1376|2024-06-18 15:27:03.658|2024-06-18 15:37:21.687|FLA241701376|canceled|doorstep|ID|d|45555|2024-06-05|11:00|13:00|xendit_cc|6671a7471bd5180adba37fcf|2024-06-18 15:37:03.614|50000000.00|200000.00|1757000.00|51957000.00|8|NULL|Indonesia|||NORMAL|null|2|NULL|IDR|NULL|NULL|IDR|NULL|NULL|NULL
1375|2024-06-17 09:40:39.915|2024-06-17 09:51:21.447|FLA241691375|canceled|doorstep|ID|address|123|2024-06-19|15:00|17:00|xendit_va|6670049844682872278d6cde|2024-06-17 09:50:39.882|40000000000.00|100000.00|600001500.00|40600101500.00|630|NULL|Indonesia|||NORMAL|null|2|NULL|IDR|NULL|NULL|IDR|NULL|NULL|NULL
1374|2024-06-17 09:39:09.520|2024-06-17 09:40:40.642|FLA241691374|canceled|doorstep|ID|address|123|2024-06-19|15:00|17:00|xendit_va|6670043d446828711e8d6c03|2024-06-17 09:49:09.489|40000000000.00|0.00|600000000.00|40600000000.00|630|NULL|Indonesia|||NORMAL|null|2|NULL|IDR|NULL|NULL|IDR|NULL|NULL|NULL
1373|2024-06-14 07:54:45.149|2024-06-14 07:54:58.940|FLA241661373|paid|doorstep|ID|address|123|2024-06-16|15:00|17:00|xendit_va|666bf745c182714b599ff170|NULL|3500000.00|0.00|52500.00|3552500.00|630|NULL|Indonesia|||NORMAL|null|2|NULL|IDR|NULL|NULL|IDR|NULL|NULL|NULL
1372|2024-06-12 09:46:58.326|2024-06-12 09:57:02.697|FLA241641372|paid|doorstep|ID|ashdhdjdjd|1238383|2024-06-05|11:00|13:00|mpgs|0e340f5a-6df3-4a7e-ae58-97ed5fa0f914_1|NULL|300.00|163.00|16.19|479.00|1123|NULL|Indonesia||uploads/6/01J05XVDTTN1DVVRVH36XV9H7J.pdf|NORMAL|null|1|NULL|SGD|NULL|39|IDR|NULL|NULL|NULL
